id,page,href
0,1,https://www.vietnamworks.com/senior-physical-design-engineer--1816957-jv?source=searchResults&searchType=2&placement=1816957&sortBy=date
1,1,https://www.vietnamworks.com/chuyen-vien-moi-gioi-chung-khoan-stock-broker-ho-chi-minh-ha-noi--1823443-jv?source=searchResults&searchType=2&placement=1823443&sortBy=date
2,1,https://www.vietnamworks.com/chuyen-vien-khach-hang-ca-nhan-lam-viec-tai-nam-dinh-quang-ninh-hai-phong-1806221-jv?source=searchResults&searchType=2&placement=1806221&sortBy=date
3,1,https://www.vietnamworks.com/thuc-tap-vien-tiem-nang-sacombank-kv-tp-ha-noi-1820405-jv?source=searchResults&searchType=2&placement=1820405&sortBy=date
4,1,https://www.vietnamworks.com/odoo-developer--1816958-jv?source=searchResults&searchType=2&placement=1816958&sortBy=date
5,1,https://www.vietnamworks.com/senior-expert-private-and-priority-1815738-jv?source=searchResults&searchType=2&placement=1815738&sortBy=date
6,1,https://www.vietnamworks.com/senior-officer-project-management--1815735-jv?source=searchResults&searchType=2&placement=1815735&sortBy=date
7,1,https://www.vietnamworks.com/senior-.net-developer-(french-speaking)-1820681-jv?source=searchResults&searchType=2&placement=1820681&sortBy=date
8,1,https://www.vietnamworks.com/nhan-vien-cham-soc-khach-hang-hop-dong-6-thang-di-lam-ngay-1815368-jv?source=searchResults&searchType=2&placement=1815368&sortBy=date
9,1,https://www.vietnamworks.com/qa-game-tester--1803943-jv?source=searchResults&searchType=2&placement=1803943&sortBy=date
10,1,https://www.vietnamworks.com/import-export-specialist-1818636-jv?source=searchResults&searchType=2&placement=1818636&sortBy=date
11,1,https://www.vietnamworks.com/ha-noi-talent-acquisition-executive-1815540-jv?source=searchResults&searchType=2&placement=1815540&sortBy=date
12,1,https://www.vietnamworks.com/ky-su-du-an-dieu-hoa-thong-gio-dien-dien-nhe-cap-thoat-nuoc-cuu-hoa--1804134-jv?source=searchResults&searchType=2&placement=1804134&sortBy=date
13,1,https://www.vietnamworks.com/cv-cvc-cvcc-phong-quan-ly-ha-tang-cntt-1822951-jv?source=searchResults&searchType=2&placement=1822951&sortBy=date
14,1,https://www.vietnamworks.com/phien-dich-vien-tieng-han-it-communicator-1819431-jv?source=searchResults&searchType=2&placement=1819431&sortBy=date
15,1,https://www.vietnamworks.com/chuyen-vien-quan-ly-khach-hang-uu-tien-(priority-banking-manager)-khoi-ca-nhan-1819003-jv?source=searchResults&searchType=2&placement=1819003&sortBy=date
16,1,https://www.vietnamworks.com/hanoi-sales-admin-co-hoi-viec-lam-tai-tap-doan-hang-dau-1-1-9-1-1-1-1-1-1-1-1--1815861-jv?source=searchResults&searchType=2&placement=1815861&sortBy=date
17,1,https://www.vietnamworks.com/giam-djoc-dich-vu-khach-hang-1824463-jv?source=searchResults&searchType=2&placement=1824463&sortBy=date
18,1,https://www.vietnamworks.com/chuyen-gia-nghien-cuu-chien-luoc-va-thi-truong-1802815-jv?source=searchResults&searchType=2&placement=1802815&sortBy=date
19,1,https://www.vietnamworks.com/truong-phong-djam-bao-chat-luong-and-an-toan-lao-djong-(bat-djong-san)-1815166-jv?source=searchResults&searchType=2&placement=1815166&sortBy=date
20,1,https://www.vietnamworks.com/truong-chuyen-san-xuat-line-leader--1805457-jv?source=searchResults&searchType=2&placement=1805457&sortBy=date
21,1,https://www.vietnamworks.com/ke-toan-kiem-toan-lam-chuyen-vien-phan-tich-nghiep-vu-business-analyst--1818544-jv?source=searchResults&searchType=2&placement=1818544&sortBy=date
22,1,https://www.vietnamworks.com/business-development-specialist-(digital-marketing-vietnam-speaker-to-be-based-in-kuala-lumpur)-1824459-jv?source=searchResults&searchType=2&placement=1824459&sortBy=date
23,1,https://www.vietnamworks.com/ky-su-co-dien--1807138-jv?source=searchResults&searchType=2&placement=1807138&sortBy=date
24,1,https://www.vietnamworks.com/truong-phong-ambient-logistics-du-an-chuyen-doi-van-hanh-1805048-jv?source=searchResults&searchType=2&placement=1805048&sortBy=date
25,1,https://www.vietnamworks.com/ic-test-development-engineer--1824159-jv?source=searchResults&searchType=2&placement=1824159&sortBy=date
26,1,https://www.vietnamworks.com/giam-sat-ban-hang--1820050-jv?source=searchResults&searchType=2&placement=1820050&sortBy=date
27,1,https://www.vietnamworks.com/nhan-vien-kinh-doanh--1817887-jv?source=searchResults&searchType=2&placement=1817887&sortBy=date
28,1,https://www.vietnamworks.com/senior-hr-business-partner--1817437-jv?source=searchResults&searchType=2&placement=1817437&sortBy=date
29,1,https://www.vietnamworks.com/senior-legal-officer--1817440-jv?source=searchResults&searchType=2&placement=1817440&sortBy=date
30,1,https://www.vietnamworks.com/chuyen-vien-quan-he-khach-hang-ca-nhan-toan-quoc-phuc-loi-hap-dan-1822985-jv?source=searchResults&searchType=2&placement=1822985&sortBy=date
31,1,https://www.vietnamworks.com/senior-frontend-reactjs-developer-french-speaking--1824114-jv?source=searchResults&searchType=2&placement=1824114&sortBy=date
32,1,https://www.vietnamworks.com/nhan-vien-tu-van-tuyen-sinh-chuong-trinh-tieng-anh-e-learning-1818060-jv?source=searchResults&searchType=2&placement=1818060&sortBy=date
33,1,https://www.vietnamworks.com/service-zone-manager--1817512-jv?source=searchResults&searchType=2&placement=1817512&sortBy=date
34,1,https://www.vietnamworks.com/chuyen-vien-chuyen-vien-chinh-chuyen-vien-cao-cap-phan-tich-va-chien-luoc-thu-hoi-no-trung-tam-fico-1819685-jv?source=searchResults&searchType=2&placement=1819685&sortBy=date
35,1,https://www.vietnamworks.com/legal-associate-up-to-2000-1809525-jv?source=searchResults&searchType=2&placement=1809525&sortBy=date
36,1,https://www.vietnamworks.com/automotive-software-engineer-middleware-c-plus-plus-oop--1819049-jv?source=searchResults&searchType=2&placement=1819049&sortBy=date
37,1,https://www.vietnamworks.com/truong-phong-cham-soc-khach-hang-mang-xet-nghiem-y-te--1819480-jv?source=searchResults&searchType=2&placement=1819480&sortBy=date
38,1,https://www.vietnamworks.com/ie-junior-engineer-technician--1819388-jv?source=searchResults&searchType=2&placement=1819388&sortBy=date
39,1,https://www.vietnamworks.com/ctv-bep-phu-va-bep-chinh-hop-djong-6-thang-1818022-jv?source=searchResults&searchType=2&placement=1818022&sortBy=date
40,1,https://www.vietnamworks.com/sales-consultant--1803255-jv?source=searchResults&searchType=2&placement=1803255&sortBy=date
41,1,https://www.vietnamworks.com/vinhomes-chuyen-vien-boc-tach-khoi-luong-hsmt-1801732-jv?source=searchResults&searchType=2&placement=1801732&sortBy=date
42,1,https://www.vietnamworks.com/experienced-automation-tester-freelancer-location-ha-noi--1816429-jv?source=searchResults&searchType=2&placement=1816429&sortBy=date
43,1,https://www.vietnamworks.com/warehouse-supervisor--1819393-jv?source=searchResults&searchType=2&placement=1819393&sortBy=date
44,1,https://www.vietnamworks.com/qualtiy-cfa-qc-supervisor-1819396-jv?source=searchResults&searchType=2&placement=1819396&sortBy=date
45,1,https://www.vietnamworks.com/hn-truong-phong-sang-tao-noi-dung-1815049-jv?source=searchResults&searchType=2&placement=1815049&sortBy=date
46,1,https://www.vietnamworks.com/nhan-vien-quan-ly-san-xuat--1817886-jv?source=searchResults&searchType=2&placement=1817886&sortBy=date
47,1,https://www.vietnamworks.com/ky-su-an-toan--1818019-jv?source=searchResults&searchType=2&placement=1818019&sortBy=date
48,1,https://www.vietnamworks.com/nhan-vien-kinh-doanh-ky-su-ban-hang--1805504-jv?source=searchResults&searchType=2&placement=1805504&sortBy=date
49,1,https://www.vietnamworks.com/salesforce-developer-intern-1819962-jv?source=searchResults&searchType=2&placement=1819962&sortBy=date
